step,object_id,model_x,model_y,model_vx,model_vy,model_contact,oracle_x,oracle_y,oracle_vx,oracle_vy,oracle_contact
0,0,0.5003857612609863,1.453495979309082,-0.017647195607423782,0.019094279035925865,0.00038822522037662566,0.5035966468293205,1.4458245310088953,-0.01637262683065151,0.01625412367883902,0.0
0,1,-0.33239904046058655,0.9039812684059143,0.045297205448150635,-0.006978080607950687,0.0003966423391830176,-0.32901260820442396,0.8980230043393453,0.04643556338320544,-0.007526637406121937,0.0
0,2,-0.967614471912384,1.659533143043518,-0.44944965839385986,0.2094292789697647,0.9998761415481567,-0.9697570715765085,1.6553929322390646,-0.45,0.21147780826211754,1.0
0,3,-0.3494322597980499,1.412734866142273,0.09712322056293488,-0.02568061649799347,0.0005151854129508138,-0.3470630312396888,1.4037153188369176,0.09808489055983978,-0.028233498568101485,0.0
0,4,-0.9895918965339661,0.971345841884613,-0.45762598514556885,0.05635356158018112,0.9991890788078308,-0.9783651061530463,0.9602025700182588,-0.45,0.04725048037408448,1.0
1,0,0.48062050342559814,1.5107704401016235,-0.021003220230340958,0.049567610025405884,0.00040324145811609924,0.487224019998669,1.4920786546877343,-0.01637262683065151,0.04625412367883902,0.0
1,1,-0.2876186966896057,0.8693661093711853,0.04439845681190491,-0.041789326816797256,0.0004250393540132791,-0.28257704482121854,0.8554963669332234,0.04643556338320544,-0.04252663740612194,0.0
1,2,0.4696415960788727,-0.28734803199768066,-0.054185040295124054,0.32771986722946167,0.04942551627755165,-1.4197570715765084,1.8968707405011822,-0.45,0.24147780826211754,1.0
1,3,-0.25413429737091064,1.3623247146606445,0.09301148355007172,-0.06057533621788025,0.000610862101893872,-0.24897814067984902,1.340481820268816,0.09808489055983978,-0.06323349856810148,0.0
1,4,0.48815304040908813,-0.2915802001953125,-0.060732193291187286,0.32962602376937866,0.0505305752158165,-1.4283651061530462,1.0374530503923434,-0.45,0.07725048037408448,1.0
2,0,0.45861130952835083,1.6075527667999268,-0.026985324919223785,0.08484172821044922,0.0003889987419825047,0.4708513931680175,1.5683327783665733,-0.01637262683065151,0.07625412367883902,0.0
2,1,-0.2435045689344406,0.8013545870780945,0.041571877896785736,-0.07562309503555298,0.0004562352260109037,-0.2361414814380131,0.7779697295271014,0.04643556338320544,-0.07752663740612195,0.0
2,2,0.04611239209771156,0.2817208170890808,-0.39789140224456787,0.07859254628419876,1.0,-1.5,2.1683485487632996,-0.45,0.27147780826211754,1.0
2,3,-0.16332750022411346,1.2781552076339722,0.08689023554325104,-0.09196940064430237,0.000680906290654093,-0.15089325012000926,1.2422483217007145,0.09808489055983978,-0.09823349856810148,0.0
2,4,0.3360937833786011,-0.13711918890476227,-0.08301306515932083,0.2881404161453247,0.11276800185441971,-1.5,1.144703530766428,-0.45,0.10725048037408448,1.0
3,0,0.4358373284339905,1.738182783126831,-0.03282541036605835,0.1141786053776741,0.0003803873551078141,0.454478766337366,1.6745869020454123,-0.01637262683065151,0.10625412367883902,0.0
3,1,-0.2017861157655716,0.6996297240257263,0.03858904540538788,-0.10753238201141357,0.000406409555580467,-0.1897059180548077,0.6654430921209795,0.04643556338320544,-0.11252663740612195,0.0
3,2,0.4716557264328003,-0.303739070892334,-0.045863471925258636,0.3363020420074463,0.067435622215271,-1.5,2.469826357025417,-0.45,0.30147780826211756,1.0
3,3,-0.07955971360206604,1.1614118814468384,0.08001458644866943,-0.12224330753087997,0.0005832240567542613,-0.05280835956016948,1.1090148231326131,0.09808489055983978,-0.1332334985681015,0.0
3,4,0.47126179933547974,-0.2492372840642929,0.019842013716697693,0.39587438106536865,0.0607869029045105,-1.5,1.2819540111405123,-0.45,0.1372504803740845,1.0
4,0,0.4068925678730011,1.905096411705017,-0.04259978607296944,0.14799612760543823,0.00035795720759779215,0.4381061395067145,1.8108410257242513,-0.01637262683065151,0.13625412367883902,0.0
4,1,-0.16314759850502014,0.5655221343040466,0.03313174098730087,-0.13502804934978485,0.00037680435343645513,-0.14327035467160226,0.5179164547148576,0.04643556338320544,-0.14752663740612196,0.0
4,2,0.7220728993415833,-0.17696012556552887,-0.05147850513458252,0.3296862542629242,0.9999862909317017,-1.5,2.5,-0.45,0.3314778082621176,1.0
4,3,-0.004893515259027481,1.0154167413711548,0.07059051096439362,-0.1462780237197876,0.0004088908317498863,0.0452765309996703,0.9407813245645116,0.09808489055983978,-0.1682334985681015,0.0
4,4,0.4191170632839203,0.2788560092449188,0.009797260165214539,0.36445173621177673,0.9969894289970398,-1.5,1.4492044915145967,-0.45,0.1672504803740845,1.0
5,0,0.36808809638023376,2.0985867977142334,-0.05644712224602699,0.1820554882287979,0.00035846143146045506,0.421733512676063,1.9770951494030904,-0.01637262683065151,0.16625412367883902,0.0
5,1,-0.12332659959793091,0.40510112047195435,0.029336005449295044,-0.16011808812618256,0.0006120568141341209,-0.09683479128839682,0.3353898173087356,0.04643556338320544,-0.18252663740612196,0.0
5,2,0.484894335269928,-0.26149046421051025,0.02048926055431366,0.414632111787796,0.06538525223731995,-1.5,2.5,-0.45,0.3614778082621176,1.0
5,3,0.06099341809749603,0.8426896929740906,0.061991527676582336,-0.16780510544776917,0.0003396016254555434,0.1433614215595101,0.7375478259964101,0.09808489055983978,-0.2032334985681015,0.0
5,4,0.5139986276626587,-0.17601679265499115,0.06217367947101593,0.4520680606365204,0.03829090669751167,-1.5,1.6464549718886812,-0.45,0.1972504803740845,1.0
6,0,0.310138463973999,2.3076188564300537,-0.07911677658557892,0.2320980429649353,0.00040894519770517945,0.4053608858454115,2.1733492730819295,-0.01637262683065151,0.19625412367883902,0.0
6,1,-0.09090134501457214,0.21526771783828735,0.017907656729221344,-0.18408289551734924,0.0007375434506684542,-0.050399227905191385,0.12,0.04248854049563298,0.0,1.0
6,2,0.8397368788719177,-0.4551304578781128,0.10976393520832062,0.7182894945144653,0.9999544620513916,-1.5,2.5,-0.45,0.39147780826211764,1.0
6,3,0.10911518335342407,0.6432659029960632,0.050154611468315125,-0.1818877011537552,0.0002574520476628095,0.24144631211934986,0.4993143274283086,0.09808489055983978,-0.2382334985681015,0.0
6,4,0.8710026144981384,0.20046718418598175,0.3854507803916931,0.33735865354537964,0.9891506433486938,-1.5,1.8737054522627656,-0.45,0.2272504803740845,1.0
7,0,0.22056815028190613,2.419071674346924,-0.12997481226921082,0.25351133942604065,0.00021881672728341073,0.38898825901476003,2.3996033967607686,-0.01637262683065151,0.22625412367883901,0.0
7,1,-0.05850825086236,0.02875446528196335,-0.003913946449756622,-0.19878041744232178,0.021671345457434654,-0.009716450380622813,0.12,0.037224741434980245,0.0,1.0
7,2,0.5610775947570801,-0.32074999809265137,-0.003585338592529297,0.47260457277297974,0.21816404163837433,-1.5,2.5,-0.45,0.42147780826211767,1.0
7,3,0.15080945193767548,0.43076658248901367,0.040116749703884125,-0.20038211345672607,0.00042572259553708136,0.3395312026791896,0.22608082886020708,0.09808489055983978,-0.27323349856810153,0.0
7,4,0.5352679491043091,-0.25847917795181274,0.029947131872177124,0.45732882618904114,0.05845781788229942,-1.5,2.13095593263685,-0.45,0.2572504803740845,1.0
8,0,0.018272921442985535,2.166903018951416,-0.2314850091934204,0.14705774188041687,1.3112507986079436e-05,0.37261563218410854,2.5,-0.01637262683065151,0.25625412367883904,0.0
8,1,-0.3826572000980377,0.11297624558210373,-0.15977813303470612,-0.005004413425922394,0.9624829888343811,0.02592623954337077,0.12,0.03261306128045413,0.0,1.0
8,2,0.8621597290039062,-0.5000956654548645,-0.018671534955501556,0.5375955700874329,0.9826492071151733,-1.5,2.5,-0.45,0.4514778082621177,1.0
8,3,0.1317068636417389,0.21515852212905884,-0.004026681184768677,-0.21140402555465698,0.0002550389908719808,0.4376160932390294,0.14,0.0907285237678518,0.0,1.0
8,4,0.16879938542842865,0.2687431573867798,-0.2553116977214813,0.275900274515152,0.9995973706245422,-1.5,2.4182064130109344,-0.45,0.2872504803740845,1.0
9,0,-0.2317773848772049,2.1508891582489014,-0.290880024433136,0.14228780567646027,3.1569667044095695e-05,0.35624300535345704,2.5,-0.01637262683065151,0.28625412367883907,0.0
9,1,-0.3966887593269348,0.16389641165733337,-0.15947380661964417,-0.04777907580137253,0.0024726383853703737,0.057153245719405596,0.12,0.02857271065107187,0.0,1.0
9,2,0.541519284248352,-0.31593888998031616,0.00014260411262512207,0.4649180769920349,0.15935054421424866,-1.5,2.5,-0.44982,0.55,1.0
9,3,-0.0379154346883297,0.14868825674057007,-0.08235446363687515,-0.035956114530563354,0.9999988079071045,0.5249422973655867,0.14,0.08077673881706555,0.0,1.0
9,4,0.7173792719841003,0.7888263463973999,0.484064519405365,0.45366209745407104,0.9900813698768616,-1.5,1.9281067358247292,-0.44982,-0.4900996771862053,1.0
10,0,-0.28570640087127686,1.158455729484558,-0.07835203409194946,-0.014921162277460098,1.0801014468597714e-05,0.33987037852280555,2.5,-0.01637262683065151,0.3162541236788391,0.0
10,1,-0.5446022748947144,0.10325831174850464,-0.160355806350708,-0.07808517664670944,0.001525610568933189,0.08451161616780692,0.12,0.025032908960287203,0.0,1.0
10,2,0.5175172090530396,-0.2932252287864685,0.003982946276664734,0.43021097779273987,0.10405491292476654,-1.5,2.5,-0.44982,0.55,1.0
10,3,-0.007727336138486862,0.17650088667869568,-0.08574816584587097,-0.07356756180524826,0.0014544816222041845,0.6026899084770123,0.14,0.07191654027806868,0.0,1.0
10,4,0.5248197317123413,-0.27261823415756226,0.010425850749015808,0.434089720249176,0.05641884729266167,-1.5,1.4680070586385239,-0.44982,-0.46009967718620526,1.0
11,0,-0.36888280510902405,1.1891233921051025,-0.08580128848552704,0.01803377829492092,0.0007064937381073833,0.32349775169215406,2.5,-0.01637262683065151,0.3462541236788391,0.0
11,1,-0.7009322047233582,0.03227986395359039,-0.16631723940372467,-0.10646944493055344,0.0021930960938334465,0.10848062649728192,0.12,0.021931644451469626,0.0,1.0
11,2,0.868471086025238,-0.5511937737464905,0.056290045380592346,0.746404230594635,0.9999752044677734,-1.5,2.5,-0.44982,0.55,1.0
11,3,-0.11682569980621338,0.10099674016237259,-0.09146500378847122,-0.0920775830745697,0.0007668263860978186,0.6719095784946534,0.14,0.06402819476631803,0.0,1.0
11,4,0.869231641292572,0.22983498871326447,0.38318201899528503,0.5318511128425598,0.9877309203147888,-1.5,1.0379073814523188,-0.44982,-0.43009967718620523,1.0
12,0,-0.4565417468547821,1.2557275295257568,-0.0930769145488739,0.051842011511325836,0.0006588870310224593,0.30712512486150256,2.5,-0.01637262683065151,0.37625412367883915,0.0
12,1,-0.9443082213401794,0.07946420460939407,-0.19594857096672058,-0.0243106409907341,0.951005756855011,0.12948017605956408,0.12,0.019214587849488183,0.0,1.0
12,2,0.5605880618095398,-0.32336825132369995,-0.005543671548366547,0.4703241288661957,0.2198977917432785,-1.5,2.5,-0.44982,0.55,1.0
12,3,-0.21925286948680878,0.01866087317466736,-0.09894956648349762,-0.10904328525066376,0.004592919256538153,0.7335367159572345,0.14,0.05700510215288753,0.0,1.0
12,4,0.5475410223007202,-0.30128681659698486,0.0017820298671722412,0.45414605736732483,0.10693427175283432,-1.5,0.6378077042661136,-0.44982,-0.4000996771862052,1.0
13,0,-0.5504963994026184,1.3569865226745605,-0.09971664845943451,0.08553288877010345,0.0005706637166440487,0.29075249803085107,2.5,-0.01637262683065151,0.4062541236788392,0.0
13,1,-0.9659294486045837,0.1271161586046219,-0.19727398455142975,-0.05915182828903198,0.0012827083701267838,0.147878143925449,0.12,0.016834140597284716,0.0,1.0
13,2,0.8329142332077026,-0.5043894052505493,-0.0846380814909935,0.49468520283699036,0.9610770344734192,-1.5,2.5,-0.44982,0.55,1.0
13,3,-0.4267602562904358,0.058091118931770325,-0.1242980808019638,-0.02995309792459011,0.932456910610199,0.7884041267793888,0.14,0.05075235501049268,0.0,1.0
13,4,0.13910320401191711,0.31830573081970215,-0.24478916823863983,0.3334030508995056,0.9998884201049805,-1.5,0.2677080270799084,-0.44982,-0.3700996771862052,1.0
14,0,-0.6501566767692566,1.4925981760025024,-0.10725530982017517,0.11690261214971542,0.0004479777126107365,0.2743798712001996,2.5,-0.01637262683065151,0.4362541236788392,0.0
14,1,-1.165233850479126,0.08750580251216888,-0.21086463332176208,-0.09007345139980316,0.0005969000048935413,0.16399683354734912,0.12,0.014748601004038608,0.0,1.0
14,2,0.5373355150222778,-0.3268141746520996,-0.00815032422542572,0.45290401577949524,0.1532863974571228,-1.5,2.5,-0.44982,0.55,1.0
14,3,-0.39767777919769287,0.10829836875200272,-0.12153032422065735,-0.06502130627632141,0.004662663675844669,0.837253268476988,0.14,0.04518545607027927,0.0,1.0
14,4,0.4605368375778198,-0.2770453691482544,-0.0035053640604019165,0.3964826166629791,0.04721160605549812,-1.5,0.15,-0.44892036,0.0,1.0
15,0,-0.756181538105011,1.6671826839447021,-0.11695067584514618,0.15255951881408691,0.0003423613088671118,0.2580072443695481,2.5,-0.01637262683065151,0.4662541236788392,0.0
15,1,-1.3177858591079712,0.11237554252147675,-0.2473335564136505,-0.07135433703660965,0.12890462577342987,0.1781186190087161,0.12,0.012921433697150776,0.0,1.0
15,2,0.6774297952651978,-0.30061066150665283,-0.03043472394347191,0.439776211977005,0.5307325124740601,-1.5,2.5,-0.44982,0.55,1.0
15,3,-0.5195877552032471,0.0438079759478569,-0.12031637877225876,-0.0932619646191597,0.00212201289832592,0.8807442699446318,0.14,0.04022917635757051,0.0,1.0
15,4,0.06748858839273453,0.15614314377307892,-0.3128398656845093,0.08878476917743683,0.9999985694885254,-1.5,0.18,-0.44847143964,0.03,1.0
16,0,-0.8659903407096863,1.87244713306427,-0.13183701038360596,0.18462607264518738,0.00021901480795349926,0.24163461753889656,2.5,-0.01637262683065151,0.49625412367883925,0.0
16,1,-1.087174892425537,0.17220816016197205,-0.25975286960601807,-0.1826394647359848,0.0010798146249726415,0.19049089177373796,0.12,0.011320629579995009,0.0,1.0
16,2,0.5199248194694519,-0.3173074722290039,-0.0025681033730506897,0.43988940119743347,0.10488283634185791,-1.5,2.5,-0.44982,0.55,1.0
16,3,-0.7179202437400818,0.09610150754451752,-0.13744321465492249,-0.017983675003051758,0.9951416254043579,0.9194648521887935,0.14,0.035816538575849495,0.0,1.0
16,4,0.1326439529657364,-0.10127454996109009,0.07583993673324585,0.09860309213399887,0.26609259843826294,-1.5,0.24,-0.44847143964,0.06,1.0
17,0,-0.969238817691803,2.0625503063201904,-0.1598120629787445,0.20190197229385376,0.0001028465194394812,0.22526199070824504,2.5,-0.01637262683065151,0.5262541236788393,0.0
17,1,0.16714082658290863,-0.13581933081150055,-0.08705446124076843,0.130020409822464,0.005155869759619236,0.20133039459658317,0.12,0.009918145082903378,0.0,1.0
17,2,0.5312200784683228,-0.32009512186050415,0.00813223421573639,0.4629347324371338,0.14282244443893433,-1.5,2.5,-0.44982,0.55,1.0
17,3,-0.6792100667953491,0.14905504882335663,-0.1354394257068634,-0.056956253945827484,0.0013788101496174932,0.9539382705680486,0.14,0.03188791200081101,0.0,1.0
17,4,-0.03643256798386574,0.12977340817451477,-0.05648329108953476,-0.018416758626699448,0.9967825412750244,-1.5,0.32999999999999996,-0.44847143964,0.09,1.0
18,0,-1.040771484375,1.846815824508667,-0.20077897608280182,0.031391486525535583,2.5634888061176753e-06,0.20888936387759352,2.5,-0.01637262683065151,0.55,0.0
18,1,0.04500702768564224,0.06679825484752655,-0.07483964413404465,0.034645259380340576,0.7707229852676392,0.21082701851346314,0.12,0.008689410883945186,0.0,1.0
18,2,0.5129843950271606,-0.2937491536140442,0.0061752647161483765,0.42349928617477417,0.10008852183818817,-1.5,2.5,-0.44982,0.55,1.0
18,3,-0.8094961047172546,0.0837693139910698,-0.13467368483543396,-0.08929342776536942,0.0014858391368761659,0.9846303858688292,0.14,0.02839020665322205,0.0,1.0
18,4,-0.04527878388762474,0.2503521144390106,-0.0933237299323082,0.0391632542014122,0.003220031503587961,-1.5,0.44999999999999996,-0.44847143964,0.12,1.0
19,0,-1.221165418624878,1.8601744174957275,-0.21469508111476898,0.05585204064846039,0.00011714218999259174,0.192516737046942,2.5,-0.01637262683065151,0.55,0.0
19,1,0.07096646726131439,0.10658193379640579,-0.05618106573820114,-0.04373607039451599,0.006845083553344011,0.21914712943484066,0.12,0.007612901493060428,0.0,1.0
19,2,0.5142467021942139,-0.2954738140106201,0.004861906170845032,0.4204067289829254,0.08890943229198456,-1.5,2.5,-0.44982,0.55,1.0
19,3,-0.9726442694664001,0.04582146555185318,-0.13954290747642517,-0.07990121096372604,0.08872557431459427,1.0119559597725554,0.14,0.02527615586094676,0.0,1.0
19,4,-0.2666521370410919,0.5681185126304626,-0.23468756675720215,0.3086448311805725,0.9992693066596985,-1.5,0.6,-0.44847143964,0.15,1.0
20,0,-1.3845317363739014,1.838350772857666,-0.2272222340106964,0.07425256073474884,6.010029392200522e-05,0.17614411021629048,2.5,-0.01637262683065151,0.55,0.0
20,1,0.012065600603818893,0.07056848704814911,-0.05562053620815277,-0.06844211369752884,0.002601269632577896,0.22643648261444602,0.12,0.0066697581593389045,0.0,1.0
20,2,0.5067616701126099,-0.28448063135147095,0.011578649282455444,0.42430436611175537,0.09730718284845352,-1.5,2.5,-0.44982,0.55,1.0
20,3,-1.1688519716262817,0.07576459646224976,-0.15538443624973297,-0.03048967756330967,0.79766446352005,1.0362842597887165,0.14,0.022503677514949163,0.0,1.0
20,4,0.3725399971008301,-0.22892288863658905,0.03490643948316574,0.3718683421611786,0.027170704677700996,-1.5,0.78,-0.44847143964,0.18,1.0
21,0,-1.433606505393982,1.6558825969696045,-0.20137986540794373,0.03390722721815109,1.7818982087192126e-05,0.15977148338563896,2.5,-0.01637262683065151,0.55,0.0
21,1,-0.09030458331108093,0.02062307298183441,-0.06831321120262146,-0.06688161939382553,0.001540949335321784,0.23282277605201301,0.12,0.005843458495373806,0.0,1.0
21,2,0.6359209418296814,-0.3260279893875122,-0.005703233182430267,0.5848645567893982,0.2417563796043396,-1.5,2.5,-0.44982,0.55,1.0
21,3,-1.1649034023284912,0.11661187559366226,-0.1502423882484436,-0.06125795841217041,0.0007920344360172749,1.057944049396855,0.14,0.02003530538752818,0.0,1.0
21,4,0.1101800799369812,0.07865771651268005,-0.2849220335483551,0.04639871418476105,0.9999970197677612,-1.5,0.99,-0.44847143964,0.21,1.0
22,0,-1.5661488771438599,1.622403860092163,-0.19162142276763916,0.057685352861881256,0.00014868387370370328,0.14339885655498744,2.5,-0.01637262683065151,0.55,0.0
22,1,-0.1935729831457138,0.06342359632253647,-0.09132969379425049,-0.026134487241506577,0.8918958902359009,0.23841788756133345,0.12,0.005119527031028185,0.0,1.0
22,2,0.5505761504173279,-0.31923699378967285,0.0034366771578788757,0.4651513397693634,0.18352490663528442,-1.5,2.5,-0.44982,0.55,1.0
22,3,-1.3303598165512085,0.08498332649469376,-0.1521635800600052,-0.09040281176567078,0.0007492596632800996,1.077228030832351,0.14,0.017837682827833684,0.0,1.0
22,4,0.14812421798706055,0.25380250811576843,-0.03941375017166138,0.08257488161325455,0.9993956089019775,-1.5,1.23,-0.44847143964,0.24,1.0
23,0,-1.671644926071167,1.5873298645019531,-0.17025840282440186,0.07433266937732697,0.0001781693281373009,0.12702622972433592,2.5,-0.01637262683065151,0.55,0.0
23,1,-0.16583582758903503,0.10991543531417847,-0.09164273738861084,-0.06200193613767624,0.0027417410165071487,0.24331983469354293,0.12,0.0044852816259716806,0.0,1.0
23,2,0.5158312320709229,-0.2975742220878601,0.005529575049877167,0.41947585344314575,0.09630005806684494,-1.5,2.5,-0.44982,0.55,1.0
23,3,-1.4779547452926636,0.10100030899047852,-0.1738860309123993,-0.07275852560997009,0.16507458686828613,1.094396800554141,0.14,0.015881111992655676,0.0,1.0
23,4,0.16856636106967926,0.4882838726043701,-0.04885756969451904,0.13768257200717926,0.00024152574769686908,-1.5,1.5,-0.44847143964,0.27,1.0
24,0,-1.7514569759368896,1.5555843114852905,-0.14196990430355072,0.07967925816774368,0.00018043820455204695,0.11065360289368441,2.5,-0.01637262683065151,0.55,0.0
24,1,-0.2485775202512741,0.0552082359790802,-0.09025747328996658,-0.08621632307767868,0.003344553057104349,0.24761449185041082,0.12,0.0039296112985341145,0.0,1.0
24,2,0.5012694001197815,-0.2809217572212219,0.012345150113105774,0.4086252748966217,0.08401497453451157,-1.5,2.5,-0.44982,0.55,1.0
24,3,-1.5434741973876953,0.13566440343856812,-0.18095609545707703,-0.0991392731666565,0.010796131566166878,1.109682370847072,0.14,0.014139152520961257,0.0,1.0
24,4,0.12545502185821533,0.6827843189239502,-0.03818094730377197,0.18786107003688812,0.0001020867275656201,-1.5,1.8,-0.44847143964,0.30000000000000004,1.0
25,0,-1.813713788986206,1.5399292707443237,-0.11371741443872452,0.08243032544851303,0.00016858232265803963,0.0942809760630329,2.5,-0.01637262683065151,0.55,0.0
25,1,-0.332768976688385,0.007334843277931213,-0.09194991737604141,-0.09346820414066315,0.029365183785557747,0.25137709466875724,0.12,0.003442781578786969,0.0,1.0
25,2,0.4992004334926605,-0.2823166847229004,0.01342029869556427,0.4095544219017029,0.08260028809309006,-1.5,2.5,-0.44982,0.55,1.0
25,3,-1.5618342161178589,0.14060157537460327,-0.2179626077413559,-0.14247338473796844,0.005930757150053978,1.1232913051484972,0.14,0.01258826422881832,0.0,1.0
25,4,0.10857045650482178,0.9151632189750671,-0.01879219338297844,0.2418110966682434,3.679377550724894e-05,-1.5,2.13,-0.44847143964,0.33000000000000007,1.0
26,0,-1.8528770208358765,1.5345591306686401,-0.08697457611560822,0.08380480855703354,0.00014567979087587446,0.0779083492323814,2.5,-0.01637262683065151,0.55,0.0
26,1,-0.48420092463493347,0.09639014303684235,-0.1092979684472084,-0.014833563007414341,0.9986465573310852,0.2546735580304458,0.12,0.0030162639759449984,0.0,1.0
26,2,0.5003657937049866,-0.29206907749176025,0.010244950652122498,0.41669952869415283,0.08391710370779037,-1.5,2.5,-0.44982,0.55,1.0
26,3,0.08678489178419113,-0.17199192941188812,-0.05956335365772247,0.2005508840084076,0.003576289862394333,1.1354075094687348,0.14,0.011207488996219811,0.0,1.0
26,4,0.13825218379497528,1.1183568239212036,0.017231114208698273,0.25383952260017395,1.2090826203348115e-05,-1.5,2.49,-0.44847143964,0.3600000000000001,1.0
27,0,-1.8618179559707642,1.5393484830856323,-0.06108073145151138,0.08774182200431824,0.00012880221765954047,0.061535722401729886,2.5,-0.01637262683065151,0.55,0.0
27,1,-0.43697550892829895,0.14627398550510406,-0.1126900464296341,-0.055968791246414185,0.0026809307746589184,0.2575616307874131,0.12,0.0026425865726251124,0.0,1.0
27,2,0.49789705872535706,-0.28250157833099365,0.007220342755317688,0.3957729935646057,0.07527945190668106,-1.5,2.5,-0.449640072,0.55,1.0
27,3,0.06798210740089417,0.0942462906241417,0.009750299155712128,0.02659696154296398,0.9981210827827454,1.1461947176275964,0.14,0.009978167546946953,0.0,1.0
27,4,0.1971161812543869,1.315360188484192,0.04273010045289993,0.2513706088066101,1.612141204532236e-05,-1.5,1.9400000000000002,-0.44829205106414405,-0.55,1.0
28,0,-1.8525639772415161,1.5591423511505127,-0.03971802443265915,0.09444202482700348,9.992126433644444e-05,0.04516309557107838,2.5,-0.01637262683065151,0.55,0.0
28,1,-0.5382811427116394,0.08133885264396667,-0.11361970752477646,-0.08596183359622955,0.0026937772054225206,0.26009190743070165,0.12,0.002315203128609019,0.0,1.0
28,2,0.49536028504371643,-0.2761352062225342,0.009707055985927582,0.40035295486450195,0.07120680063962936,-1.5,2.5,-0.449640072,0.55,1.0
28,3,0.16608960926532745,0.18149781227111816,0.00010742247104644775,-0.011815037578344345,0.0013790307566523552,1.155798703891533,0.14,0.00888368729414121,0.0,1.0
28,4,0.2707745432853699,1.5377733707427979,0.0491165816783905,0.2588336169719696,3.4171665902249515e-05,-1.5,1.4200000000000002,-0.44829205106414405,-0.52,1.0
29,0,-1.8290263414382935,1.594125747680664,-0.02254467085003853,0.10323767364025116,7.520208600908518e-05,0.02879046874042687,2.5,-0.01637262683065151,0.55,0.0
29,1,-0.6437958478927612,0.01335221529006958,-0.11559305340051651,-0.1061735451221466,0.01125249546021223,0.2623087144263448,0.12,0.0020283784010134693,0.0,1.0
29,2,0.49503564834594727,-0.27842462062835693,0.01045931875705719,0.4071355164051056,0.07277534902095795,-1.5,2.5,-0.449640072,0.55,1.0
29,3,0.15878307819366455,0.1567172408103943,-0.00042691081762313843,-0.04368797689676285,0.0015128462109714746,1.1643492529121438,0.14,0.007909257844065095,0.0,1.0
29,4,0.3442290723323822,1.7387628555297852,0.03905779868364334,0.2513863742351532,5.447066359920427e-05,-1.5,0.9300000000000002,-0.44829205106414405,-0.49,1.0
30,0,-1.796736478805542,1.6441307067871094,-0.01007833331823349,0.11280284076929092,5.5139305914053693e-05,0.012417841909775358,2.5,-0.01637262683065151,0.55,0.0
30,1,-0.8333319425582886,0.09420022368431091,-0.1410776972770691,-0.005515009164810181,0.9990214109420776,0.26425088674531516,0.12,0.0017770876718579132,0.0,1.0
30,2,0.4992715120315552,-0.28019076585769653,0.012444742023944855,0.4170690178871155,0.08095043897628784,-1.5,2.5,-0.449640072,0.55,1.0
30,3,0.15219458937644958,0.10911422967910767,-0.0014147236943244934,-0.07490094006061554,0.0018398294923827052,1.1719619135870565,0.14,0.007041711124294205,0.0,1.0
30,4,0.40159377455711365,1.9463284015655518,0.013752661645412445,0.2553212344646454,9.378273534821346e-05,-1.5,0.4700000000000002,-0.44829205106414405,-0.45999999999999996,1.0
31,0,-1.7589102983474731,1.7069182395935059,-0.002501457929611206,0.1220828965306282,3.8387115637306124e-05,-0.0039547849208761525,2.5,-0.01637262683065151,0.55,0.0
31,1,-0.7981273531913757,0.15120640397071838,-0.14309358596801758,-0.047733988612890244,0.0016237947857007384,0.26595244819111913,0.12,0.0015569287229106159,0.0,1.0
31,2,0.5016542077064514,-0.27700257301330566,0.014713868498802185,0.41639718413352966,0.09055476635694504,-1.5,2.5,-0.449640072,0.55,1.0
31,3,0.141109898686409,0.04592103511095047,-0.0064241886138916016,-0.10370954126119614,0.003038019873201847,1.1787395605441897,0.14,0.006269323435348185,0.0,1.0
31,4,0.42681097984313965,2.1210975646972656,-0.023625336587429047,0.2505991756916046,0.00011421830276958644,-1.5,0.15,-0.44739546696201576,0.0,1.0
32,0,-1.7209833860397339,1.7823457717895508,0.0011985599994659424,0.13170115649700165,2.7471403882373124e-05,-0.020327411751527663,2.5,-0.01637262683065151,0.55,0.0
32,1,-0.9365315437316895,0.08963918685913086,-0.14602744579315186,-0.07918031513690948,0.0011419757502153516,0.267443207443306,0.12,0.001364044715751027,0.0,1.0
32,2,0.5007801055908203,-0.27119219303131104,0.02087266743183136,0.4241928160190582,0.09188096970319748,-1.5,2.5,-0.449640072,0.55,1.0
32,3,0.09317141026258469,0.08748963475227356,-0.028299324214458466,-0.043883077800273895,0.9356903433799744,1.1847737843507122,0.14,0.005581657021033431,0.0,1.0
32,4,0.40977156162261963,2.273435592651367,-0.06509754061698914,0.2527931034564972,0.00014694727724418044,-1.5,0.18,-0.4469480714950537,0.03,1.0
33,0,-1.6836020946502686,1.8619452714920044,-6.880611181259155e-05,0.13743892312049866,1.8944107068818994e-05,-0.03670003858217917,2.5,-0.01637262683065151,0.55,0.0
33,1,-1.089102029800415,0.03377673029899597,-0.15143461525440216,-0.10386902093887329,0.002458114642649889,0.26874928025863765,0.12,0.0011950566260284217,0.0,1.0
33,2,0.5000922679901123,-0.2861805558204651,0.00936126708984375,0.4114120602607727,0.08190327137708664,-1.5,2.5,-0.449640072,0.55,1.0
33,3,0.1537601351737976,0.12014014273881912,-0.03641968220472336,-0.07723644375801086,0.0017853743629530072,1.190146129233457,0.14,0.004969419016538828,0.0,1.0
33,4,0.3390029966831207,2.364316463470459,-0.1208103746175766,0.24692997336387634,0.00013923653750680387,-1.5,0.24,-0.4469480714950537,0.06,1.0
34,0,-1.6503163576126099,1.9415497779846191,-0.005511976778507233,0.14034239947795868,1.3117560229147784e-05,-0.05307266541283068,2.5,-0.01637262683065151,0.55,0.0
34,1,-1.285702109336853,0.09082648158073425,-0.17832842469215393,-0.01979014463722706,0.9509034752845764,0.26989354697805984,0.12,0.0010470040482713256,0.0,1.0
34,2,0.49955737590789795,-0.2744850516319275,0.019492752850055695,0.41779375076293945,0.09135933965444565,-1.5,2.5,-0.449640072,0.55,1.0
34,3,0.10659623146057129,0.05180162191390991,-0.03890375792980194,-0.1030568778514862,0.002527468604966998,1.1949291950368757,0.14,0.004424335868162226,0.0,1.0
34,4,0.187676802277565,2.356985569000244,-0.20187413692474365,0.22023724019527435,6.446311454055831e-05,-1.5,0.32999999999999996,-0.4469480714950537,0.09,1.0
35,0,-1.623439073562622,2.01318097114563,-0.015774209052324295,0.14029660820960999,9.64882110565668e-06,-0.06944529224348218,2.5,-0.01637262683065151,0.55,0.0
35,1,-1.2648552656173706,0.14373652637004852,-0.17698228359222412,-0.05861134082078934,0.0006869526696391404,0.27089605335427963,0.12,0.0009172933342411118,0.0,1.0
35,2,0.49750539660453796,-0.2684035301208496,0.023309648036956787,0.4166722893714905,0.09063932299613953,-1.5,2.5,-0.449640072,0.55,1.0
35,3,0.030730247497558594,0.0626385509967804,-0.053347133100032806,-0.05558719485998154,0.7561585307121277,1.1991876183099819,0.14,0.003939041527623182,0.0,1.0
35,4,-0.08869022130966187,1.942388653755188,-0.26049888134002686,0.07791081815958023,9.924809091899078e-06,-1.5,0.44999999999999996,-0.4469480714950537,0.12,1.0
36,0,-1.6069856882095337,2.0728931427001953,-0.028901658952236176,0.13853532075881958,7.558541710750433e-06,-0.08581791907413369,2.5,-0.01637262683065151,0.55,0.0
36,1,-1.4177253246307373,0.1089632585644722,-0.18479733169078827,-0.09322558343410492,0.0003850895445793867,0.2717743617218155,0.12,0.0008036521562953161,0.0,1.0
36,2,0.49662917852401733,-0.2830280065536499,0.01210930198431015,0.4075638949871063,0.08226042240858078,-1.5,2.5,-0.449640072,0.55,1.0
36,3,0.05762772634625435,0.08145209401845932,-0.058354735374450684,-0.08684181421995163,0.002853742800652981,1.2029789457803193,0.14,0.0035069779100620146,0.0,1.0
36,4,-0.3478686213493347,1.9784728288650513,-0.2901223301887512,0.111698679625988,7.034021109575406e-05,-1.5,0.6,-0.4469480714950537,0.15,1.0
37,0,-1.6006733179092407,2.113032579421997,-0.04424557462334633,0.13139593601226807,5.3403450692712795e-06,-0.1021905459047852,2.5,-0.01637262683065151,0.55,0.0
37,1,-1.4883532524108887,0.11446590721607208,-0.2076343297958374,-0.1166817918419838,0.009733029641211033,0.2725438586614683,0.12,0.0007040896997822802,0.0,1.0
37,2,0.49604061245918274,-0.27352964878082275,0.020572759211063385,0.4125247597694397,0.09052527695894241,-1.5,2.5,-0.449640072,0.55,1.0
37,3,-0.013988595455884933,0.020415082573890686,-0.06331107765436172,-0.10262472182512283,0.009217409417033195,1.206354412018754,0.14,0.0031223062705520877,0.0,1.0
37,4,-0.530944287776947,1.66118586063385,-0.2637408971786499,0.05336936563253403,5.86500073040952e-06,-1.5,0.78,-0.4469480714950537,0.18,1.0
38,0,-1.6070812940597534,2.1360599994659424,-0.059190042316913605,0.1249995157122612,4.908993105345871e-06,-0.1185631727354367,2.5,-0.01637262683065151,0.55,0.0
38,1,-0.7865490317344666,0.14007379114627838,-0.15073612332344055,-0.1432657688856125,0.0011562020517885685,0.27321802454900984,0.12,0.000616861787100503,0.0,1.0
38,2,0.49514520168304443,-0.2764242887496948,0.020568139851093292,0.412550151348114,0.08638390898704529,-1.5,2.5,-0.449640072,0.55,1.0
38,3,-0.1446795016527176,0.10768599808216095,-0.09352341294288635,-0.023949140682816505,0.9971875548362732,1.2093596318041604,0.14,0.0027798283015009057,0.0,1.0
38,4,-0.7637393474578857,1.6957508325576782,-0.2781113386154175,0.08361803740262985,0.00011213053949177265,-1.5,0.99,-0.4469480714950537,0.21,1.0
39,0,-1.6223585605621338,2.13785719871521,-0.07402651011943817,0.11693007498979568,4.711609562946251e-06,-0.13493579956608823,2.5,-0.01637262683065151,0.55,0.0
39,1,-0.913476824760437,0.030135802924633026,-0.17468273639678955,-0.1438829004764557,0.029789477586746216,0.27380866971015855,0.12,0.0005404403224510895,0.0,1.0
39,2,0.49566537141799927,-0.2887938618659973,0.006385274231433868,0.40101560950279236,0.07545226067304611,-1.5,2.5,-0.449640072,0.55,1.0
39,3,-0.1119205504655838,0.1554921567440033,-0.09197267889976501,-0.06168629229068756,0.002050696639344096,1.212035216544355,0.14,0.0024749158846800253,0.0,1.0
39,4,-0.9542554020881653,1.6621538400650024,-0.28454774618148804,0.10763772577047348,6.377085082931444e-05,-1.5,1.23,-0.4469480714950537,0.24,1.0
40,0,-1.6449452638626099,2.121354103088379,-0.0861600711941719,0.10792221873998642,4.5760662032989785e-06,-0.15130842639673975,2.5,-0.01637262683065151,0.55,0.0
40,1,-0.3790571689605713,0.12761497497558594,-0.0615626722574234,-0.04230566322803497,0.3874635696411133,0.2743261413189055,0.12,0.00047348652200343013,0.0,1.0
40,2,0.49623653292655945,-0.2875845432281494,0.012017607688903809,0.40940582752227783,0.08204523473978043,-1.5,2.5,-0.449640072,0.55,1.0
40,3,-0.19908271729946136,0.09349450469017029,-0.08883891254663467,-0.09032189846038818,0.00220372318290174,1.2144173230833597,0.14,0.002203448548579185,0.0,1.0
40,4,-0.9008257389068604,1.2042843103408813,-0.1428263783454895,0.026243088766932487,1.6289137420244515e-05,-1.5,1.5,-0.4469480714950537,0.27,1.0
41,0,-1.6715284585952759,2.0870563983917236,-0.0954437181353569,0.09469158202409744,4.317992988944752e-06,-0.16768105322739127,2.5,-0.01637262683065151,0.55,0.0
41,1,-0.426567018032074,0.14376777410507202,-0.10693798214197159,-0.04262344166636467,0.9987382292747498,0.27477950466372375,0.12,0.0004148274605087302,0.0,1.0
41,2,0.4976528286933899,-0.2775307893753052,0.014936260879039764,0.40495696663856506,0.08084375411272049,-1.5,2.5,-0.449640072,0.55,1.0
41,3,-0.22295109927654266,-0.005905255675315857,-0.03317141532897949,-0.11563917994499207,0.01449107751250267,1.2165381423113673,0.14,0.0019617577859069053,0.0,1.0
41,4,-1.0356446504592896,1.2700576782226562,-0.1445026397705078,0.05089963972568512,0.0004470138519536704,-1.5,1.8,-0.4469480714950537,0.30000000000000004,1.0
42,0,-1.7022817134857178,2.0509636402130127,-0.0994432121515274,0.09310358017683029,6.752152330591343e-06,-0.1840536800580428,2.5,-0.01637262683065151,0.55,0.0
42,1,-0.3765392005443573,0.1525145024061203,-0.11121262609958649,-0.08529956638813019,0.022865356877446175,0.2751767019571609,0.12,0.0003634355234949549,0.0,1.0
42,2,0.4912942051887512,-0.2731424570083618,0.017974212765693665,0.40106338262557983,0.07479403167963028,-1.5,2.5,-0.449640072,0.55,1.0
42,3,-0.35292649269104004,0.10798974335193634,-0.08434619754552841,-0.010428237728774548,0.9999513626098633,1.2184263341803026,0.14,0.0017465774787652417,0.0,1.0
42,4,-1.1740056276321411,1.3568756580352783,-0.14497852325439453,0.07671993970870972,0.0004270171339157969,-1.5,2.13,-0.4469480714950537,0.33000000000000007,1.0
43,0,-1.7312291860580444,2.0087854862213135,-0.10110300779342651,0.08933629095554352,7.729141543677542e-06,-0.2004263068886943,2.5,-0.01637262683065151,0.55,0.0
43,1,-0.52238929271698,0.19429069757461548,-0.16127832233905792,0.017623255029320717,0.9996045231819153,0.2755246914709073,0.12,0.0003184104050779737,0.0,1.0
43,2,0.4856003522872925,-0.2861500382423401,0.010460518300533295,0.39671656489372253,0.062313683331012726,-1.5,2.5,-0.449640072,0.55,1.0
43,3,-0.21034692227840424,0.13222873210906982,0.010156005620956421,-0.0011192020028829575,0.9999924898147583,1.2201074150036142,0.14,0.0015549997615631793,0.0,1.0
43,4,-1.3180139064788818,1.462685465812683,-0.1442142277956009,0.1058756560087204,0.00039309225394390523,-1.5,2.49,-0.4469480714950537,0.3600000000000001,1.0
44,0,-1.7571516036987305,1.9696139097213745,-0.09987665712833405,0.09046696871519089,1.1039523997169454e-05,-0.21679893371934583,2.5,-0.01637262683065151,0.55,0.0
44,1,-0.5330187082290649,0.2536822557449341,-0.16341234743595123,-0.031744927167892456,0.000776613422203809,0.27582956943376946,0.12,0.0002789633360188762,0.0,1.0
44,2,0.490846186876297,-0.28134769201278687,0.006181038916110992,0.3862473666667938,0.07150774449110031,-1.5,2.5,-0.4494602159712,0.55,1.0
44,3,-0.0804177075624466,0.18599054217338562,-0.0005613937973976135,-0.04001578688621521,0.001732364878989756,1.2216041022741189,0.14,0.0013844357252167183,0.0,1.0
44,4,-1.4677244424819946,1.5840377807617188,-0.14250624179840088,0.14092892408370972,0.00029346655355766416,-1.5,1.9400000000000002,-0.4467692922664557,-0.55,1.0
45,0,-1.7796212434768677,1.934360384941101,-0.09817342460155487,0.08918548375368118,1.2626523130165879e-05,-0.23317156054999735,2.5,-0.01637262683065151,0.55,0.0
45,1,-0.6840322613716125,0.19932961463928223,-0.16734829545021057,-0.06852191686630249,0.0007442214991897345,0.27609667682800754,0.12,0.0002444032657278377,0.0,1.0
45,2,0.4819985032081604,-0.2738054394721985,0.010760113596916199,0.3856298327445984,0.06516095995903015,-1.5,2.5,-0.4494602159712,0.55,1.0
45,3,-0.08162939548492432,0.1344003975391388,-0.00048545747995376587,-0.07384778559207916,0.002169631887227297,1.22293662165964,0.14,0.0012325804316070095,0.0,1.0
45,4,-1.5943418741226196,1.6703327894210815,-0.13608357310295105,0.1530960500240326,0.00011659781011985615,-1.5,1.4200000000000002,-0.4467692922664557,-0.52,1.0
46,0,-1.7950870990753174,1.9073845148086548,-0.09285972267389297,0.09087275713682175,2.074892836390063e-05,-0.24954418738064887,2.5,-0.01637262683065151,0.55,0.0
46,1,-0.837374746799469,0.11367218941450119,-0.1711631417274475,-0.10117854923009872,0.0008487772429361939,0.27633069295494195,0.12,0.00021412475614498023,0.0,1.0
46,2,0.48210111260414124,-0.2769283056259155,0.012180924415588379,0.39238062500953674,0.06648966670036316,-1.5,2.5,-0.4494602159712,0.55,1.0
46,3,-0.0794205516576767,0.06304457783699036,-0.0014907345175743103,-0.10565599799156189,0.0028835695702582598,1.2241229803250617,0.14,0.0010973817655151156,0.0,1.0
46,4,-1.654761552810669,1.6160718202590942,-0.12837958335876465,0.06082993745803833,8.146635082084686e-06,-1.5,0.9300000000000002,-0.4467692922664557,-0.49,1.0
47,0,-1.806454062461853,1.887006402015686,-0.08481898903846741,0.09555992484092712,2.2388352590496652e-05,-0.26591681421130037,2.5,-0.01637262683065151,0.55,0.0
47,1,-1.0032674074172974,0.04041379690170288,-0.18491500616073608,-0.1282608062028885,0.0033577685244381428,0.2765357174089508,0.12,0.000187597375418069,0.0,1.0
47,2,0.4881998896598816,-0.28423380851745605,0.014498576521873474,0.4079919159412384,0.07553649693727493,-1.5,2.5,-0.4494602159712,0.55,1.0
47,3,-0.1052471250295639,0.06765256822109222,-0.010640718042850494,-0.053963981568813324,0.8436352610588074,1.22517921027437,0.14,0.0009770127031101764,0.0,1.0
47,4,-1.7421826124191284,1.6498923301696777,-0.11160808801651001,0.08868653327226639,0.00010716627002693713,-1.5,0.4700000000000002,-0.4467692922664557,-0.45999999999999996,1.0
48,0,-1.841808557510376,2.184347629547119,-0.12675663828849792,0.3557959496974945,0.9999998807907104,-0.28228944104195186,2.5,-0.01637262683065151,0.55,0.0
48,1,-0.6626224517822266,0.11856959015130997,-0.12040775269269943,-0.032969336956739426,0.7920406460762024,0.27671534189591357,0.12,0.00016435640557096299,0.0,1.0
48,2,0.49555110931396484,-0.29356563091278076,0.007915407419204712,0.40235188603401184,0.0803828239440918,-1.5,2.5,-0.4494602159712,0.55,1.0
48,3,-0.011438984423875809,0.09243915975093842,-0.02020089328289032,-0.08470579236745834,0.003973145503550768,1.2261195850011135,0.14,0.000869846622237779,0.0,1.0
48,4,-1.6970292329788208,1.4443755149841309,-0.00532250851392746,-0.10492881387472153,6.832812505308539e-05,-1.5,0.15,-0.4458757536819228,0.0,1.0
49,0,0.27154600620269775,-0.23341308534145355,-0.016176670789718628,0.27600932121276855,0.007252896670252085,-0.29866206787260335,2.5,-0.01637262683065151,0.55,0.0
49,1,-0.639026403427124,0.13715338706970215,-0.12214809656143188,-0.06941163539886475,0.002358269179239869,0.2768727131542478,0.12,0.0001439947013757903,0.0,1.0
49,2,0.49030444025993347,-0.277718722820282,0.014198414981365204,0.4005279242992401,0.07820666581392288,-1.5,2.5,-0.4494602159712,0.55,1.0
49,3,-0.03839729353785515,0.022754743695259094,-0.024898607283830643,-0.10949183255434036,0.0039801751263439655,1.2269568123750174,0.14,0.0007744353208610726,0.0,1.0
49,4,-1.619591236114502,1.3212591409683228,0.003132268786430359,-0.08016952127218246,0.0001239332341356203,-1.5,0.18,-0.44542987792824085,0.03,1.0
50,0,0.33241331577301025,0.021448299288749695,-0.12215691804885864,0.05334276705980301,0.9997546076774597,-0.31503469470325485,2.5,-0.01637262683065151,0.55,0.0
50,1,-0.7500124573707581,0.0591890886425972,-0.1241266131401062,-0.0994722917675972,0.0017245428171008825,0.2770105880808151,0.12,0.0001261555578090971,0.0,1.0
50,2,0.5672377943992615,-0.2475324422121048,0.04561453312635422,0.4754023551940918,0.11119084060192108,-1.5,2.5,-0.4494602159712,0.55,1.0
50,3,-0.183769091963768,0.01574060320854187,-0.08170569688081741,-0.025344600901007652,0.4935232400894165,1.2277022063713463,0.14,0.0006894894466041237,0.0,1.0
50,4,-1.5509157180786133,1.2432396411895752,0.011425025761127472,-0.05457345396280289,0.00014572800137102604,-1.5,0.24,-0.44542987792824085,0.06,1.0
51,0,0.05353090912103653,0.17146997153759003,-0.16087043285369873,0.0019411873072385788,0.993818461894989,-0.33140732153390634,2.5,-0.01637262683065151,0.55,0.0
51,1,-0.9029969573020935,0.040998563170433044,-0.1343001127243042,-0.061986081302165985,0.5359873175621033,0.2771313820274173,0.12,0.00011052646114102259,0.0,1.0
51,2,0.5374321341514587,-0.2949214577674866,0.018289312720298767,0.4579177796840668,0.12989649176597595,-1.5,2.5,-0.4494602159712,0.55,1.0
51,3,-0.20280911028385162,0.05286125838756561,-0.07971861213445663,-0.05353204160928726,0.003882519667968154,1.2283658399637027,0.14,0.0006138610729297339,0.0,1.0
51,4,-1.4870021343231201,1.1990082263946533,0.01864384114742279,-0.03123808652162552,0.00014293307322077453,-1.5,0.32999999999999996,-0.44542987792824085,0.09,1.0
52,0,0.005642406642436981,0.30196863412857056,-0.14977207779884338,0.06332554668188095,0.004811268299818039,-0.34777994836455783,2.5,-0.01637262683065151,0.55,0.0
52,1,-0.9304206967353821,0.05295600742101669,-0.13437634706497192,-0.08373203128576279,0.003565483959391713,0.2772372111139598,0.12,9.683361418641416e-05,0.0,1.0
52,2,0.5273633003234863,-0.3006775379180908,0.011437855660915375,0.44037213921546936,0.10448600351810455,-1.5,2.5,-0.4494602159712,0.55,1.0
52,3,-0.32685744762420654,0.13406699895858765,-0.09809643775224686,-0.002672226168215275,0.9995049238204956,1.2289566812463977,0.14,0.0005465281864927538,0.0,1.0
52,4,-1.426900029182434,1.1820998191833496,0.02430238574743271,-0.009033380076289177,0.0001364182389806956,-1.5,0.44999999999999996,-0.44542987792824085,0.12,1.0
53,0,-0.16925804316997528,0.4135093092918396,-0.15652891993522644,0.09974942356348038,0.0002490486658643931,-0.3641525751952093,2.5,-0.01637262683065151,0.55,0.0
53,1,-1.0948435068130493,0.04082118719816208,-0.14506110548973083,-0.0734272375702858,0.07780096679925919,0.2773299292995433,0.12,8.483713980889478e-05,0.0,1.0
53,2,0.514886736869812,-0.29457181692123413,0.004420466721057892,0.4166192412376404,0.08872564136981964,-1.5,2.5,-0.4494602159712,0.55,1.0
53,3,-0.2828347384929657,0.18888133764266968,-0.09802252054214478,-0.045642655342817307,0.001940856920555234,1.2294827146258969,0.14,0.00048658087603682985,0.0,1.0
53,4,-1.3696253299713135,1.1892775297164917,0.028354503214359283,0.012547856196761131,0.0001287442573811859,-1.5,0.6,-0.44542987792824085,0.15,1.0
54,0,-0.24614836275577545,0.6651884913444519,-0.0949682965874672,0.2568182647228241,0.9983969330787659,-0.3805252020258608,2.5,-0.01637262683065151,0.55,0.0
54,1,-1.261770248413086,0.05783279240131378,-0.15832993388175964,-0.06860379874706268,0.056151725351810455,0.27741116086091033,0.12,7.432687865082033e-05,0.0,1.0
54,2,0.5188012719154358,-0.2963084578514099,0.007514730095863342,0.42054617404937744,0.0942656621336937,-1.5,2.5,-0.4494602159712,0.55,1.0
54,3,-0.38094115257263184,0.10602147877216339,-0.10626596957445145,-0.09307596832513809,0.047485943883657455,1.2299510487190823,0.14,0.00043320903619654006,0.0,1.0
54,4,-1.3163272142410278,1.2212815284729004,0.030921675264835358,0.03481709212064743,0.0001261411962332204,-1.5,0.78,-0.44542987792824085,0.18,1.0
55,0,-0.13781483471393585,0.8121708631515503,-0.03450009971857071,0.22434934973716736,1.5247806913976092e-05,-0.3968978288565123,2.5,-0.01637262683065151,0.55,0.0
55,1,-1.4162907600402832,0.08164219558238983,-0.17369341850280762,-0.08167704939842224,0.015998851507902145,0.2774823288472185,0.12,6.511870747196684e-05,0.0,1.0
55,2,0.5099732279777527,-0.29648733139038086,0.006007246673107147,0.42422547936439514,0.09086935222148895,-1.5,2.5,-0.4494602159712,0.55,1.0
55,3,-0.4814237654209137,0.04347188025712967,-0.10751231014728546,-0.09002665430307388,0.0538933202624321,1.2303680124164216,0.14,0.0003856914200387321,0.0,1.0
55,4,-1.267113208770752,1.2793478965759277,0.03158744424581528,0.058914072811603546,0.000122016244858969,-1.5,0.99,-0.44542987792824085,0.21,1.0
56,0,-0.11205761134624481,1.0294384956359863,-0.00466456264257431,0.25660616159439087,1.2183551007183269e-05,-0.4132704556871638,2.5,-0.01637262683065151,0.55,0.0
56,1,-1.5190433263778687,0.11239054799079895,-0.2028970718383789,-0.09225814789533615,0.0368150994181633,0.2775446800096229,0.12,5.7051313600033555e-05,0.0,1.0
56,2,0.5126244425773621,-0.29986661672592163,0.005454584956169128,0.42668813467025757,0.09502135962247849,-1.5,2.5,-0.4494602159712,0.55,1.0
56,3,-0.660831868648529,0.10418722778558731,-0.12472442537546158,-0.016460122540593147,0.9991068243980408,1.230739240408209,0.14,0.0003433858924032337,0.0,1.0
56,4,-1.2234333753585815,1.3667974472045898,0.030990883708000183,0.08557292073965073,0.000114571834274102,-1.5,1.23,-0.44542987792824085,0.24,1.0
57,0,-0.042415719479322433,1.199905276298523,0.030343078076839447,0.2470223605632782,7.447556072293082e-06,-0.4296430825178153,2.5,-0.01637262683065151,0.55,0.0
57,1,-1.4731086492538452,0.1468619555234909,-0.2605288624763489,-0.1747198849916458,0.0021183425560593605,0.27759930664239496,0.12,4.99833689864094e-05,0.0,1.0
57,2,0.5108400583267212,-0.30300575494766235,0.001380041241645813,0.41757792234420776,0.09215367585420609,-1.5,2.5,-0.4494602159712,0.55,1.0
57,3,-0.6114599108695984,0.1549815535545349,-0.12469901144504547,-0.056791163980960846,0.0020539548713713884,1.231069749329647,0.14,0.000305720752330254,0.0,1.0
57,4,-1.1863572597503662,1.4857345819473267,0.028620325028896332,0.11390800029039383,0.00010072121222037822,-1.5,1.5,-0.44542987792824085,0.27,1.0
58,0,0.028129715472459793,1.4242448806762695,0.042656347155570984,0.26447030901908875,1.9324961613165215e-05,-0.4460157093484668,2.5,-0.01637262683065151,0.55,0.0
58,1,0.3541021943092346,-0.2433525174856186,-0.07176380604505539,0.27083396911621094,0.0195318553596735,0.2776471657181995,0.12,4.3791054361105605e-05,0.0,1.0
58,2,0.5086915493011475,-0.30515390634536743,0.0014872774481773376,0.4218510389328003,0.09218625724315643,-1.5,2.5,-0.4494602159712,0.55,1.0
58,3,-0.7292060852050781,0.0886138305068016,-0.12402904778718948,-0.08912276476621628,0.001795363612473011,1.231364005553765,0.14,0.0002721870073090293,0.0,1.0
58,4,-1.155758023262024,1.6395161151885986,0.02447463572025299,0.14489325881004333,8.80597362993285e-05,-1.5,1.8,-0.44542987792824085,0.30000000000000004,1.0
59,0,0.10477279126644135,1.6056406497955322,0.0429302379488945,0.24936071038246155,3.143166395602748e-05,-0.4623883361791183,2.5,-0.01637262683065151,0.55,0.0
59,1,0.2822992205619812,0.09507763385772705,-0.05350556597113609,0.06662588566541672,0.9999977350234985,0.27768909565275024,0.12,3.8365890113944137e-05,0.0,1.0
59,2,0.5402929782867432,-0.15596289932727814,0.021450772881507874,0.3511946499347687,0.05757317692041397,-1.5,2.5,-0.4494602159712,0.55,1.0
59,3,-0.8775387406349182,0.03664176166057587,-0.12938252091407776,-0.0820840522646904,0.12101666629314423,1.2316259855482998,0.14,0.00024233149494482016,0.0,1.0
59,4,-1.1275888681411743,1.8362406492233276,0.017663389444351196,0.18494878709316254,7.588218431919813e-05,-1.5,2.13,-0.44542987792824085,0.33000000000000007,1.0
60,0,0.1722583770751953,1.8281339406967163,0.02563236653804779,0.2638448476791382,7.40636678528972e-05,-0.4787609630097698,2.5,-0.01637262683065151,0.55,0.0
60,1,0.30887752771377563,0.21114961802959442,-0.051872167736291885,0.0266693327575922,0.001015898073092103,0.27772583099253434,0.12,3.3612835902452883e-05,0.0,1.0
60,2,0.4750952124595642,-0.23990918695926666,0.027225494384765625,0.38041576743125916,0.0558929368853569,-1.5,2.5,-0.4494602159712,0.55,1.0
60,3,-1.0519797801971436,0.08103053271770477,-0.14383481442928314,-0.01745726726949215,0.9584811925888062,1.2318592296121842,0.14,0.00021575075909306023,0.0,1.0
60,4,-1.0939041376113892,2.052277088165283,0.00020985305309295654,0.22096678614616394,5.563877130043693e-05,-1.5,2.49,-0.44542987792824085,0.3600000000000001,1.0
61,0,0.21485386788845062,1.995212435722351,-0.009003035724163055,0.25240954756736755,9.085695637622848e-05,-0.4951335898404213,2.5,-0.01637262683065151,0.55,0.0
61,1,0.25935474038124084,0.21626883745193481,-0.05147022753953934,-0.0036680977791547775,0.0010690070921555161,0.27775801528291094,0.12,2.9448625694587755e-05,0.0,1.0
61,2,0.480403870344162,-0.2546420097351074,0.021863192319869995,0.38939470052719116,0.06591203063726425,-1.5,2.5,-0.44928043188481154,0.55,1.0
61,3,-1.0093191862106323,0.13504089415073395,-0.13944776356220245,-0.05254586040973663,0.0009162224596366286,1.2320668897178113,0.14,0.0001920855977050402,0.0,1.0
61,4,-1.0466787815093994,2.2023637294769287,-0.04381922632455826,0.21240442991256714,2.696292540349532e-05,-1.5,1.9400000000000002,-0.44525170597706953,-0.55,1.0
62,0,0.216191828250885,2.172781467437744,-0.046523962169885635,0.2596973776817322,0.00016071506252046674,-0.5115062166710728,2.5,-0.01637262683065151,0.55,0.0
62,1,0.20797045528888702,0.19219069182872772,-0.05190172418951988,-0.03579919785261154,0.001426216447725892,0.2777862123420135,0.12,2.5800309078849513e-05,0.0,1.0
62,2,0.48521944880485535,-0.2635127902030945,0.018756717443466187,0.39862334728240967,0.0697125643491745,-1.5,2.5,-0.44928043188481154,0.55,1.0
62,3,-1.1553781032562256,0.08169525116682053,-0.13835473358631134,-0.08187655359506607,0.0006384087610058486,1.2322517721056023,0.14,0.0001710162087067686,0.0,1.0
62,4,-1.0446044206619263,2.303079843521118,-0.09602894634008408,0.1946491301059723,2.028476410487201e-05,-1.5,1.4200000000000002,-0.44525170597706953,-0.52,1.0
63,0,0.17201106250286102,2.287203788757324,-0.09901855885982513,0.25179025530815125,0.000148317965795286,-0.5278788435017243,2.5,-0.01637262683065151,0.55,0.0
63,1,0.15275700390338898,0.1422601044178009,-0.05343400314450264,-0.06589952856302261,0.0014434080803766847,0.2778109161379565,0.12,2.2603973287843542e-05,0.0,1.0
63,2,0.4893147349357605,-0.2603641152381897,0.022576503455638885,0.404248982667923,0.07597847282886505,-1.5,2.5,-0.44928043188481154,0.55,1.0
63,3,-1.3248172998428345,0.06590402126312256,-0.14230969548225403,-0.08423107117414474,0.021076299250125885,1.2324163752064825,0.14,0.00015225786831424493,0.0,1.0
63,4,-1.0936390161514282,2.2863612174987793,-0.1613309681415558,0.13090984523296356,4.447622814041097e-06,-1.5,0.9300000000000002,-0.44525170597706953,-0.49,1.0
64,0,0.06162042170763016,2.3460886478424072,-0.1683351993560791,0.2364896833896637,0.0001140549429692328,-0.5442514703323759,2.5,-0.01637262683065151,0.55,0.0
64,1,0.09495895355939865,0.07678081840276718,-0.05450163036584854,-0.09243945777416229,0.002131028100848198,0.2778325594423796,0.12,1.980362354714583e-05,0.0,1.0
64,2,0.49194568395614624,-0.2570815682411194,0.02641536295413971,0.4063202738761902,0.08078371733427048,-1.5,2.5,-0.44928043188481154,0.55,1.0
64,3,-1.4708006381988525,0.09179608523845673,-0.151278555393219,-0.07748731970787048,0.131656676530838,1.232562923404735,0.14,0.00013555708338352617,0.0,1.0
64,4,-1.2116860151290894,2.239089250564575,-0.21455605328083038,0.09812803566455841,6.523642696265597e-06,-1.5,0.4700000000000002,-0.44525170597706953,-0.45999999999999996,1.0
65,0,-0.1547635942697525,2.1696910858154297,-0.2675171196460724,0.1440589874982834,1.4721928891958669e-05,-0.5606240971630274,2.5,-0.01637262683065151,0.55,0.0
65,1,0.03195697441697121,0.010244503617286682,-0.05940232425928116,-0.11108367890119553,0.0068800002336502075,0.277851521411926,0.12,1.7350202134948802e-05,0.0,1.0
65,2,0.4924050271511078,-0.2537074685096741,0.02977549284696579,0.4079214930534363,0.08395454287528992,-1.5,2.5,-0.44928043188481154,0.55,1.0
65,3,-1.5456355810165405,0.11732874065637589,-0.15028581023216248,-0.10379728674888611,0.00901718158274889,1.2326933970974916,0.14,0.00012068816579989566,0.0,1.0
65,4,-1.2748574018478394,1.8658093214035034,-0.23464539647102356,-0.05764441192150116,5.807732463836146e-07,-1.5,0.15,-0.4443612025651154,0.0,1.0
66,0,-0.3615092933177948,1.6948238611221313,-0.23863890767097473,0.02794201485812664,5.787507689092308e-06,-0.576996723993679,2.5,-0.01637262683065151,0.55,0.0
66,1,-0.0754835307598114,0.09259737282991409,-0.08554491400718689,-0.03213568031787872,0.9911121726036072,0.2778681342304702,0.12,1.5200728967955333e-05,0.0,1.0
66,2,0.49356868863105774,-0.2584078311920166,0.029663510620594025,0.4124433696269989,0.0838375985622406,-1.5,2.5,-0.44928043188481154,0.55,1.0
66,3,-1.5818442106246948,0.12444651871919632,-0.16822423040866852,-0.1295141875743866,0.0147488322108984,1.232809559457074,0.14,0.0001074501826137196,0.0,1.0
66,4,-1.38460373878479,1.638522982597351,-0.240629643201828,-0.056405745446681976,5.656834036926739e-05,-1.5,0.18,-0.4439168413625503,0.03,1.0
67,0,-0.5867372155189514,1.7357219457626343,-0.25180739164352417,0.05825985223054886,0.00020832080917898566,-0.5933693508243305,2.5,-0.01637262683065151,0.55,0.0
67,1,-0.04264720156788826,0.13354311883449554,-0.08659254014492035,-0.0692526251077652,0.002489214763045311,0.277882688928457,0.12,1.3317548657937769e-05,0.0,1.0
67,2,0.4946163296699524,-0.2824175953865051,0.012266397476196289,0.3994685411453247,0.07639332115650177,-1.5,2.5,-0.44928043188481154,0.55,1.0
67,3,-1.1013685464859009,0.11939524114131927,-0.19427390396595,-0.15046779811382294,0.004665384069085121,1.2329129802578398,0.14,9.566424070827724e-05,0.0,1.0
67,4,-1.47197687625885,1.4057568311691284,-0.23336337506771088,-0.06375007331371307,6.265484989853576e-05,-1.5,0.24,-0.4439168413625503,0.06,1.0
68,0,-0.8122032880783081,1.7770401239395142,-0.27136164903640747,0.08603102713823318,0.0001141654938692227,-0.6097419776549821,2.5,-0.01637262683065151,0.55,0.0
68,1,-0.12579753994941711,0.06851737201213837,-0.08576975762844086,-0.09523210674524307,0.002674791496247053,0.277895440481297,0.12,1.1667670848577503e-05,0.0,1.0
68,2,0.4976630210876465,-0.27844882011413574,0.01805899292230606,0.41275298595428467,0.08711382746696472,-1.5,2.5,-0.44928043188481154,0.55,1.0
68,3,-0.3590381145477295,0.09195227921009064,-0.10044503211975098,-0.048979178071022034,0.02888093702495098,1.2330050570895215,0.14,8.517106930558808e-05,0.0,1.0
68,4,-1.543616771697998,1.1934127807617188,-0.21791012585163116,-0.08543942868709564,0.0001021297721308656,-1.5,0.32999999999999996,-0.4439168413625503,0.09,1.0
69,0,-0.9910077452659607,1.7311811447143555,-0.2835063934326172,0.10135962814092636,4.789684317074716e-05,-0.6261146044856336,2.5,-0.01637262683065151,0.55,0.0
69,1,-0.2005550116300583,-0.017264649271965027,-0.0742649957537651,-0.10608377307653427,0.007465592119842768,0.2779066122761345,0.12,1.0222192276324358e-05,0.0,1.0
69,2,0.4983072876930237,-0.259391725063324,0.023920275270938873,0.4089796245098114,0.08725391328334808,-1.5,2.5,-0.44928043188481154,0.55,1.0
69,3,-0.4574088752269745,0.05209062248468399,-0.11297643929719925,-0.07679273188114166,0.04767000302672386,1.2330870342437281,0.14,7.58288676411314e-05,0.0,1.0
69,4,-1.5811774730682373,0.995074450969696,-0.19627568125724792,-0.12028205394744873,0.000123005491332151,-1.5,0.44999999999999996,-0.4439168413625503,0.12,1.0
70,0,-0.9005461931228638,1.2082207202911377,-0.12679435312747955,-0.003231339156627655,1.280993274122011e-05,-0.6424872313162852,2.5,-0.01637262683065151,0.55,0.0
70,1,-0.3572796881198883,0.09323737770318985,-0.10072345286607742,-0.018909016624093056,0.9984630346298218,0.2779164000252391,0.12,8.955790430691225e-06,0.0,1.0
70,2,0.4942675530910492,-0.2726534605026245,0.019750744104385376,0.41464173793792725,0.07548266649246216,-1.5,2.5,-0.44928043188481154,0.55,1.0
70,3,-0.5827242732048035,0.03888033330440521,-0.11215238273143768,-0.06169259548187256,0.23055553436279297,1.2331600195288328,0.14,6.751138872174481e-05,0.0,1.0
70,4,-1.5908132791519165,0.8052573204040527,-0.17506852746009827,-0.1604769080877304,9.237909398507327e-05,-1.5,0.6,-0.4439168413625503,0.15,1.0
71,0,-1.0203750133514404,1.2439814805984497,-0.12918251752853394,0.02001737616956234,0.00048263827920891345,-0.6588598581469367,2.5,-0.01637262683065151,0.55,0.0
71,1,-0.30145061016082764,0.14373049139976501,-0.08794067054986954,-0.051023632287979126,0.003434109967201948,0.2779249751945765,0.12,7.846279943708965e-06,0.0,1.0
71,2,0.5049902200698853,-0.29049646854400635,0.006794236600399017,0.4068872928619385,0.08123902231454849,-1.5,2.5,-0.44928043188481154,0.55,1.0
71,3,-0.6854594945907593,0.06499288976192474,-0.12162990868091583,-0.03943343460559845,0.6793583035469055,1.2332249992404776,0.14,6.010623327132843e-05,0.0,1.0
71,4,-1.5656203031539917,0.6088087558746338,-0.15698298811912537,-0.1966792345046997,5.086678720545024e-05,-1.5,0.78,-0.4439168413625503,0.18,1.0
72,0,-1.1433155536651611,1.2993569374084473,-0.13105508685112,0.04282854497432709,0.0004083890817128122,-0.6752324849775883,2.5,-0.01637262683065151,0.55,0.0
72,1,-0.38102149963378906,0.08637034893035889,-0.08806398510932922,-0.08107464015483856,0.002371808048337698,0.2779324880076226,0.12,6.874223937182721e-06,0.0,1.0
72,2,0.5029574036598206,-0.29228460788726807,0.006547585129737854,0.41155481338500977,0.08157471567392349,-1.5,2.5,-0.44928043188481154,0.55,1.0
72,3,-0.6787717342376709,0.09022267162799835,-0.11950019001960754,-0.07068993151187897,0.0032069524750113487,1.2332828514900012,0.14,5.351333080937959e-05,0.0,1.0
72,4,-1.369655728340149,0.376680850982666,-0.1643654853105545,-0.2505389153957367,1.0848129022633657e-05,-1.5,0.99,-0.4439168413625503,0.21,1.0
73,0,-1.2698063850402832,1.3748451471328735,-0.1314554512500763,0.06766754388809204,0.0003825175517704338,-0.6916051118082398,2.5,-0.01637262683065151,0.55,0.0
73,1,-0.46441027522087097,0.010866150259971619,-0.0909537672996521,-0.10464844852685928,0.003340108785778284,0.27793907007704244,0.12,6.022593519164997e-06,0.0,1.0
73,2,0.5056009292602539,-0.29805541038513184,0.005914464592933655,0.4229850769042969,0.08539111912250519,-1.5,2.5,-0.44928043188481154,0.55,1.0
73,3,-0.8102496862411499,0.03583727777004242,-0.12116771936416626,-0.09144464880228043,0.007114645093679428,1.2333343580709053,0.14,4.7643587336225775e-05,0.0,1.0
73,4,0.3981465995311737,-0.2702919840812683,-0.056922875344753265,0.2785906493663788,0.026066338643431664,-1.5,1.23,-0.4439168413625503,0.24,1.0
74,0,-1.3959237337112427,1.4734798669815063,-0.1262935996055603,0.10171084105968475,0.0004064097593072802,-0.7079777386388914,2.5,-0.01637262683065151,0.55,0.0
74,1,-0.6089715957641602,0.006897971034049988,-0.0980943888425827,-0.04855141043663025,0.6429991722106934,0.27794483671033704,0.12,5.2764694645594445e-06,0.0,1.0
74,2,0.6181971430778503,-0.3530194163322449,-0.08615625649690628,0.6521870493888855,0.13167129456996918,-1.5,2.5,-0.44928043188481154,0.55,1.0
74,3,-1.0155020952224731,0.0802169144153595,-0.13705392181873322,-0.021785816177725792,0.9705070853233337,1.2333802150237163,0.14,4.241768135028351e-05,0.0,1.0
74,4,0.0644158348441124,0.20649465918540955,-0.3484667241573334,0.06700918823480606,1.0,-1.5,1.5,-0.4439168413625503,0.27,1.0
75,0,-1.523149013519287,1.5894291400909424,-0.11808593571186066,0.13556621968746185,0.0002846332499757409,-0.7243503654695429,2.5,-0.01637262683065151,0.55,0.0
75,1,-0.5902414917945862,0.039872489869594574,-0.09894037246704102,-0.06887055933475494,0.010394512675702572,0.27794988892984934,0.12,4.6227808537688365e-06,0.0,1.0
75,2,0.5535358190536499,-0.3306243419647217,-0.011127986013889313,0.4592469334602356,0.18288849294185638,-1.5,2.5,-0.44928043188481154,0.55,1.0
75,3,-0.9656702876091003,0.12999199330806732,-0.13562768697738647,-0.05833370238542557,0.0009030250948853791,1.233421042042016,0.14,3.776499192717429e-05,0.0,1.0
75,4,0.3367498219013214,-0.2677500247955322,-0.03369239717721939,0.24215492606163025,0.04717525839805603,-1.5,1.8,-0.4439168413625503,0.30000000000000004,1.0
76,0,-1.6235607862472534,1.6843920946121216,-0.0997515618801117,0.1512831598520279,0.00013608357403427362,-0.7407229923001944,2.5,-0.01637262683065151,0.55,0.0
76,1,-0.6991451978683472,-0.001812949776649475,-0.09975388646125793,-0.07915612310171127,0.011348904110491276,0.27795431524251685,0.12,4.05007609074755e-06,0.0,1.0
76,2,0.6033425331115723,-0.32348012924194336,0.020522214472293854,0.5203954577445984,0.17561213672161102,-1.5,2.5,-0.44928043188481154,0.55,1.0
76,3,-1.1088725328445435,0.07034114003181458,-0.1383206844329834,-0.08871937543153763,0.0007133532781153917,1.2334573908467459,0.14,3.3622644375162364e-05,0.0,1.0
76,4,0.2865602374076843,0.09219551086425781,-0.18377751111984253,0.04390387237071991,0.9999562501907349,-1.5,2.13,-0.4439168413625503,0.33000000000000007,1.0
77,0,-1.670312762260437,1.6953717470169067,-0.08152738958597183,0.09469999372959137,1.2161506674601696e-05,-0.757095619130846,2.5,-0.01637262683065151,0.55,0.0
77,1,-0.8535798788070679,0.046615004539489746,-0.10208199918270111,-0.02738972380757332,0.9054273962974548,0.27795819319037374,0.12,3.5483222890550625e-06,0.0,1.0
77,2,0.536588191986084,-0.312877357006073,0.003952525556087494,0.44980064034461975,0.13931679725646973,-1.5,2.5,-0.44928043188481154,0.55,1.0
77,3,-1.300562858581543,0.06794387102127075,-0.15330521762371063,-0.059708379209041595,0.2778364419937134,1.233489752641957,0.14,2.9934660570261744e-05,0.0,1.0
77,4,-0.07171283662319183,0.10782933980226517,-0.13386458158493042,0.016485562548041344,0.9785590171813965,-1.5,2.49,-0.4439168413625503,0.3600000000000001,1.0
78,0,-1.7234200239181519,1.7625303268432617,-0.06743425875902176,0.11854691058397293,5.845598207088187e-05,-0.7734682459614975,2.5,-0.01637262683065151,0.55,0.0
78,1,-0.7861194014549255,0.09415897727012634,-0.10396808385848999,-0.060118429362773895,0.00163093616720289,0.27796159070896553,0.12,3.1087295114697535e-06,0.0,1.0
78,2,0.5158286094665527,-0.30985599756240845,0.0015598982572555542,0.42406007647514343,0.0972188413143158,-1.5,2.5,-0.4491007197120576,0.55,1.0
78,3,-1.4021592140197754,0.10002623498439789,-0.15448734164237976,-0.07995142787694931,0.004855119623243809,1.233518564752756,0.14,2.665120248896116e-05,0.0,1.0
78,4,-0.1345035582780838,0.21348167955875397,-0.13949814438819885,0.017836367711424828,0.28103673458099365,-1.5,1.9400000000000002,-0.44373927462600526,-0.55,1.0
79,0,-1.7508001327514648,1.810416340827942,-0.056759063154459,0.11952581256628036,2.693516762519721e-05,-0.7898408727921491,2.5,-0.01637262683065151,0.55,0.0
79,1,-0.8879754543304443,0.03558982163667679,-0.10515523701906204,-0.08637123554944992,0.0016310735372826457,0.27796456731747277,0.12,2.7235967841175447e-06,0.0,1.0
79,2,0.5072922706604004,-0.3043205142021179,0.00239013135433197,0.4166158437728882,0.08708757162094116,-1.5,2.5,-0.4491007197120576,0.55,1.0
79,3,-1.5249425172805786,0.11133964359760284,-0.16955223679542542,-0.09946256130933762,0.013624629005789757,1.2335442165351516,0.14,2.3727898715953235e-05,0.0,1.0
79,4,-0.2555766999721527,0.29381150007247925,-0.14804702997207642,0.038243360817432404,0.0007271012291312218,-1.5,1.4200000000000002,-0.44373927462600526,-0.52,1.0
80,0,-1.7602612972259521,1.844302773475647,-0.04944956675171852,0.11401686817407608,1.8450544303050265e-05,-0.8062134996228006,2.5,-0.01637262683065151,0.55,0.0
80,1,-1.035459041595459,0.0400020107626915,-0.11246736347675323,-0.04575880616903305,0.5744840502738953,0.2779671751613936,0.12,2.3861771875251825e-06,0.0,1.0
80,2,0.5042835474014282,-0.3026124835014343,0.003197506070137024,0.4127024710178375,0.08348355442285538,-1.5,2.5,-0.4491007197120576,0.55,1.0
80,3,-1.5655499696731567,0.13654643297195435,-0.21768644452095032,-0.11025175452232361,0.050985656678676605,1.2335670546376656,0.14,2.1125244825547112e-05,0.0,1.0
80,4,-0.4169522523880005,0.36931896209716797,-0.15679383277893066,0.060691364109516144,0.00027545762713998556,-1.5,0.9300000000000002,-0.44373927462600526,-0.49,1.0
81,0,-1.7614034414291382,1.8757002353668213,-0.0448111966252327,0.11453183740377426,1.7848406059783883e-05,-0.8225861264534522,2.5,-0.01637262683065151,0.55,0.0
81,1,-1.0318301916122437,0.058776743710041046,-0.11267830431461334,-0.06926514953374863,0.0012466753832995892,0.27796945992605065,0.12,2.0905596612056567e-06,0.0,1.0
81,2,0.5008593797683716,-0.30106645822525024,0.003009796142578125,0.4054195284843445,0.0808921530842781,-1.5,2.5,-0.4491007197120576,0.55,1.0
81,3,-0.4508568346500397,0.018338292837142944,-0.10969392955303192,-0.020057523623108864,0.0008266611839644611,1.23358738768581,0.14,1.8808069533744912e-05,0.0,1.0
81,4,-0.5899084210395813,0.4588392972946167,-0.17342589795589447,0.07829099893569946,0.00025881524197757244,-1.5,0.4700000000000002,-0.44373927462600526,-0.45999999999999996,1.0
82,0,-1.7539952993392944,1.9035212993621826,-0.04156823456287384,0.11439425498247147,1.5343230188591406e-05,-0.8389587532841037,2.5,-0.01637262683065151,0.55,0.0
82,1,-1.1624505519866943,0.024942785501480103,-0.11827810108661652,-0.08565584570169449,0.004048930946737528,0.27797146163692626,0.12,1.8315654511780411e-06,0.0,1.0
82,2,0.5000119805335999,-0.2938564419746399,0.0035312995314598083,0.4060634970664978,0.0774201899766922,-1.5,2.5,-0.4491007197120576,0.55,1.0
82,3,-0.5799248814582825,0.04046826809644699,-0.10384543240070343,-0.028133587911725044,0.04689919576048851,1.2336054904527363,0.14,1.6745059406762268e-05,0.0,1.0
82,4,-0.7814561128616333,0.5613741874694824,-0.19350214302539825,0.10327663272619247,0.0003828123153652996,-1.5,0.15,-0.44285179607675323,0.0,1.0
83,0,-1.7448248863220215,1.9305211305618286,-0.040661320090293884,0.11547283083200455,1.3725016287935432e-05,-0.8553313801147553,2.5,-0.01637262683065151,0.55,0.0
83,1,-1.3422412872314453,0.061081744730472565,-0.1431862711906433,-0.04298022389411926,0.6474390625953674,0.2779732153608458,0.12,1.6046573863452217e-06,0.0,1.0
83,2,0.5004627704620361,-0.2982737421989441,0.003020063042640686,0.4077630937099457,0.07950565963983536,-1.5,2.5,-0.4491007197120576,0.55,1.0
83,3,-0.6862156391143799,0.04001254588365555,-0.10011326521635056,-0.04528239369392395,0.008790402673184872,1.2336216075724153,0.14,1.4908335703083032e-05,0.0,1.0
83,4,-1.004892349243164,0.67270827293396,-0.2182142287492752,0.1444893777370453,0.000709941319655627,-1.5,0.18,-0.4424089442806765,0.03,1.0
84,0,-1.73593270778656,1.9543161392211914,-0.04248921573162079,0.11560659855604172,1.1988901860604528e-05,-0.8717040069454068,2.5,-0.01637262683065151,0.55,0.0
84,1,-1.3441991806030273,0.09722195565700531,-0.14456801116466522,-0.07373152673244476,0.0005306769162416458,0.27797475182029324,0.12,1.4058603943943782e-06,0.0,1.0
84,2,0.49913930892944336,-0.3018025755882263,0.0026215240359306335,0.408233642578125,0.08171707391738892,-1.5,2.5,-0.4491007197120576,0.55,1.0
84,3,-0.8095725774765015,0.032797299325466156,-0.09650461375713348,-0.049973465502262115,0.035762157291173935,1.2336359568455295,0.14,1.3273077630651112e-05,0.0,1.0
84,4,-1.2231320142745972,0.7407512664794922,-0.2351776361465454,0.2111949771642685,0.0023351216223090887,-1.5,0.24,-0.4424089442806765,0.06,1.0
85,0,-1.7293580770492554,1.9744640588760376,-0.0453038290143013,0.11499384790658951,1.0557062523730565e-05,-0.8880766337760584,2.5,-0.01637262683065151,0.55,0.0
85,1,-1.4705538749694824,0.08082588762044907,-0.1596354991197586,-0.10990055650472641,0.0009189869160763919,0.27797609793162087,0.12,1.2316918647838448e-06,0.0,1.0
85,2,0.4999360144138336,-0.3059709072113037,0.0030851662158966064,0.4122549593448639,0.08113071322441101,-1.5,2.5,-0.4491007197120576,0.55,1.0
85,3,-0.9343570470809937,0.03472018241882324,-0.09320109337568283,-0.04673745483160019,0.06517373770475388,1.233648732182749,0.14,1.181718692803907e-05,0.0,1.0
85,4,0.06875237822532654,-0.19395287334918976,0.0003447234630584717,0.21104681491851807,0.02109690196812153,-1.5,0.32999999999999996,-0.4424089442806765,0.09,1.0
86,0,-1.7208013534545898,1.9921778440475464,-0.045593805611133575,0.11035092920064926,8.582372174714692e-06,-0.9044492606067099,2.5,-0.01637262683065151,0.55,0.0
86,1,-1.5289915800094604,0.11058638244867325,-0.20697999000549316,-0.09761282056570053,0.14486849308013916,0.2779772772765814,0.12,1.0791006388854363e-06,0.0,1.0
86,2,0.5090431571006775,-0.3147277235984802,0.007394649088382721,0.4381583631038666,0.1092919334769249,-1.5,2.5,-0.4491007197120576,0.55,1.0
86,3,-1.0474796295166016,0.033229172229766846,-0.0893460214138031,-0.05147533863782883,0.013038291595876217,1.233660106225167,0.14,1.0520989236869785e-05,0.0,1.0
86,4,0.3919259011745453,-0.16363613307476044,0.04634866118431091,0.2876461148262024,0.037408825010061264,-1.5,0.44999999999999996,-0.4424089442806765,0.12,1.0
87,0,-1.71363365650177,2.0117239952087402,-0.046077851206064224,0.11231517046689987,8.942271961132064e-06,-0.9208218874373615,2.5,-0.01637262683065151,0.55,0.0
87,1,-1.4783329963684082,0.13889962434768677,-0.26086539030075073,-0.14610180258750916,0.005820751655846834,0.27797831051544314,0.12,9.454135584855168e-07,0.0,1.0
87,2,0.746772825717926,-0.39519715309143066,0.10197362303733826,0.6350904703140259,0.7029841542243958,-1.5,2.5,-0.4491007197120576,0.55,1.0
87,3,-1.1741673946380615,0.036134399473667145,-0.08684809505939484,-0.05196785181760788,0.019818834960460663,1.2336702326773075,0.14,9.36696822995063e-06,0.0,1.0
87,4,0.14888158440589905,0.1238318607211113,-0.27933269739151,0.06380018591880798,0.999866247177124,-1.5,0.6,-0.4424089442806765,0.15,1.0
88,0,-1.7082462310791016,2.0297691822052,-0.04745754599571228,0.11438589543104172,8.642889952170663e-06,-0.937194514268013,2.5,-0.01637262683065151,0.55,0.0
88,1,0.12928122282028198,-0.16749544441699982,-0.06281795352697372,0.1821686029434204,0.005736063700169325,0.27797921574892537,0.12,8.282886362586423e-07,0.0,1.0
88,2,0.5333915948867798,-0.3158431649208069,-0.0001645609736442566,0.42799773812294006,0.13302859663963318,-1.5,2.5,-0.4491007197120576,0.55,1.0
88,3,-1.2924507856369019,0.040130771696567535,-0.08534567058086395,-0.06064843386411667,0.005881556775420904,1.2336792483842287,0.14,8.33952890222792e-06,0.0,1.0
88,4,0.07837530225515366,-0.03297482430934906,0.060878634452819824,0.05675916373729706,0.353105753660202,-1.5,0.78,-0.4424089442806765,0.18,1.0
89,0,-1.697875738143921,2.0398099422454834,-0.048394445329904556,0.11020796746015549,6.846862561360467e-06,-0.9535671410986646,2.5,-0.01637262683065151,0.55,0.0
89,1,0.09822840243577957,0.09521174430847168,-0.042536213994026184,0.050147928297519684,0.9999998807907104,0.2779800088352946,0.12,7.256740278341497e-07,0.0,1.0
89,2,0.5364914536476135,-0.3289424777030945,0.02813003957271576,0.48609599471092224,0.12104060500860214,-1.5,2.5,-0.4491007197120576,0.55,1.0
89,3,-1.3961700201034546,0.055862389504909515,-0.08272220939397812,-0.06956931203603745,0.008935601450502872,1.233687275180797,0.14,7.424786825764795e-06,0.0,1.0
89,4,-0.16328659653663635,0.5502856969833374,-0.273742139339447,0.3869493007659912,0.9994902610778809,-1.5,0.99,-0.4424089442806765,0.21,1.0
90,0,-1.6940959692001343,2.052436113357544,-0.05234629660844803,0.1133112832903862,9.149528523266781e-06,-0.9699397679293161,2.5,-0.01637262683065151,0.55,0.0
90,1,0.14437517523765564,0.197431743144989,-0.0451241135597229,0.009359993040561676,0.0010585765121504664,0.2779807036681763,0.12,6.357720867108465e-07,0.0,1.0
90,2,0.5143154263496399,-0.2990814447402954,0.002418726682662964,0.4153686463832855,0.10186175256967545,-1.5,2.5,-0.4491007197120576,0.55,1.0
90,3,-1.4808768033981323,0.06290992349386215,-0.08275149762630463,-0.09033552557229996,0.0072044008411467075,1.233694421538117,0.14,6.61038052081372e-06,0.0,1.0
90,4,0.4593524932861328,-0.29363375902175903,-0.009691126644611359,0.39544349908828735,0.056199606508016586,-1.5,1.23,-0.4424089442806765,0.24,1.0
91,0,-1.6864867210388184,2.0505826473236084,-0.05517683923244476,0.10142859071493149,4.6052891775616445e-06,-0.9863123947599677,2.5,-0.01637262683065151,0.55,0.0
91,1,0.08611227571964264,0.19181843101978302,-0.048788413405418396,-0.017262842506170273,0.00048628990771248937,0.27798131241994933,0.12,5.570078723184565e-07,0.0,1.0
91,2,0.40742239356040955,-0.1551099270582199,-0.15156430006027222,0.4202514588832855,0.009537562727928162,-1.5,2.5,-0.4491007197120576,0.55,1.0
91,3,-1.538163423538208,0.07865755259990692,-0.0824965387582779,-0.10600822418928146,0.022480817511677742,1.2337007840293681,0.14,5.8853044074369655e-06,0.0,1.0
91,4,0.10725709795951843,0.1643833965063095,-0.3376431465148926,0.03600943833589554,1.0,-1.5,1.5,-0.4424089442806765,0.27,1.0
92,0,-1.694108486175537,2.065932035446167,-0.05700673907995224,0.11552806943655014,1.278278068639338e-05,-1.0026850215906191,2.5,-0.01637262683065151,0.55,0.0
92,1,-0.022284258157014847,0.28520265221595764,-0.1138928085565567,0.08293949067592621,0.9997766613960266,0.2779818457549871,0.12,4.880015595366038e-07,0.0,1.0
92,2,0.516478955745697,-0.3225782513618469,-0.008691452443599701,0.4359614849090576,0.10341338813304901,-1.5,2.5,-0.4491007197120576,0.55,1.0
92,3,-1.5638725757598877,0.09065218269824982,-0.0891692042350769,-0.11879943311214447,0.04025913402438164,1.2337064486348603,0.14,5.239760080246223e-06,0.0,1.0
92,4,0.49076950550079346,0.14596061408519745,0.28818610310554504,-0.009108543395996094,1.0,-1.5,1.8,-0.4424089442806765,0.30000000000000004,1.0
93,0,-1.6905059814453125,2.057854652404785,-0.05996512621641159,0.10200055688619614,5.0519502110546455e-06,-1.0190576484212706,2.5,-0.01637262683065151,0.55,0.0
93,1,-0.03589716926217079,0.3926362991333008,-0.11033569276332855,0.03387606889009476,0.000370607158401981,0.27798231301648035,0.12,4.275442663295128e-07,0.0,1.0
93,2,0.5095615983009338,-0.29974842071533203,0.006878331303596497,0.4280928671360016,0.1081235483288765,-1.5,2.5,-0.4491007197120576,0.55,1.0
93,3,-1.5627775192260742,0.09902063757181168,-0.09814787656068802,-0.12391573935747147,0.05076169967651367,1.2337114919039376,0.14,4.665023896444216e-06,0.0,1.0
93,4,0.17063184082508087,0.189727783203125,0.10593628883361816,0.013645334169268608,0.1258774995803833,-1.5,2.13,-0.4424089442806765,0.33000000000000007,1.0
94,0,-1.6982481479644775,2.0649526119232178,-0.06120556220412254,0.1113039180636406,1.0291897524439264e-05,-1.035430275251922,2.5,-0.01637262683065151,0.55,0.0
94,1,-0.1411856710910797,0.4019390344619751,-0.11069630086421967,-0.002353239804506302,0.00029561982955783606,0.27798272239011534,0.12,3.7457687603461533e-07,0.0,1.0
94,2,0.4985879361629486,-0.27691560983657837,0.016126014292240143,0.40884408354759216,0.08277362585067749,-1.5,2.5,-0.4491007197120576,0.55,1.0
94,3,-1.55646550655365,0.10321026295423508,-0.11560634523630142,-0.12056080251932144,0.06874658912420273,1.2337159819894379,0.14,4.153329087802991e-06,0.0,1.0
94,4,0.2691970467567444,0.305197536945343,0.09652957320213318,0.07348309457302094,0.00030757233616895974,-1.5,2.49,-0.4424089442806765,0.3600000000000001,1.0
95,0,-1.7008512020111084,2.056516647338867,-0.06515584886074066,0.10388050228357315,6.800348273827694e-06,-1.0518029020825734,2.5,-0.01637262683065151,0.55,0.0
95,1,-0.24663154780864716,0.3753736615180969,-0.11320549994707108,-0.037987031042575836,0.000396626623114571,0.27798308104747416,0.12,3.281714833048769e-07,0.0,1.0
95,2,0.49268174171447754,-0.26812243461608887,0.018364951014518738,0.39718854427337646,0.07339813560247421,-1.5,2.5,-0.4489210794241728,0.55,1.0
95,3,-1.5603828430175781,0.10891002416610718,-0.13460105657577515,-0.12271798402070999,0.04837572202086449,1.2337199795686848,0.14,3.697760803484601e-06,0.0,1.0
95,4,0.3733735680580139,0.4580385684967041,0.10412105917930603,0.12669019401073456,0.00013194217171985656,-1.5,1.9400000000000002,-0.4422319807029642,-0.55,1.0
96,0,-1.7089544534683228,2.0516059398651123,-0.06693729758262634,0.10569161921739578,9.185609997075517e-06,-1.0681755289132249,2.5,-0.01637262683065151,0.55,0.0
96,1,-0.35255560278892517,0.3142867684364319,-0.11601866781711578,-0.07273321598768234,0.0005430929595604539,0.27798339527166943,0.12,2.8751513866694396e-07,0.0,1.0
96,2,0.4866665303707123,-0.2655142545700073,0.018032945692539215,0.3910074532032013,0.066754050552845,-1.5,2.5,-0.4489210794241728,0.55,1.0
96,3,-1.5556325912475586,0.12162750214338303,-0.16621063649654388,-0.12292876839637756,0.05850911885499954,1.2337235386634582,0.14,3.292162665352384e-06,0.0,1.0
96,4,0.4960803687572479,0.6623573303222656,0.11256098747253418,0.19424155354499817,6.884462345624343e-05,-1.5,1.4200000000000002,-0.4422319807029642,-0.52,1.0
97,0,-1.7153817415237427,2.0403380393981934,-0.06864675879478455,0.1020565778017044,8.11136942502344e-06,-1.0845481557438763,2.5,-0.01637262683065151,0.55,0.0
97,1,-0.4564591944217682,0.2203245908021927,-0.11871559172868729,-0.10579469054937363,0.0008943219436332583,0.2779836705674147,0.12,2.5189560692534296e-07,0.0,1.0
97,2,0.4850541353225708,-0.27150148153305054,0.016041599214076996,0.3935917019844055,0.06601837277412415,-1.5,2.5,-0.4489210794241728,0.55,1.0
97,3,-1.4832301139831543,0.14097996056079865,-0.21461230516433716,-0.15393152832984924,0.022147012874484062,1.2337267073700235,0.14,2.9310535729965443e-06,0.0,1.0
97,4,0.6349533200263977,0.9183037281036377,0.12810857594013214,0.2630961537361145,2.028375820373185e-05,-1.5,0.9300000000000002,-0.4422319807029642,-0.49,1.0
98,0,-1.7232089042663574,2.030608654022217,-0.06815952062606812,0.10192263126373291,9.131919796345755e-06,-1.1009207825745277,2.5,-0.01637262683065151,0.55,0.0
98,1,-0.5533201098442078,0.10077115893363953,-0.11864407360553741,-0.13410624861717224,0.0015357835218310356,0.2779839117574583,0.12,2.2068888992237954e-07,0.0,1.0
98,2,0.48936548829078674,-0.28637051582336426,0.009822078049182892,0.40506711602211,0.07151065766811371,-1.5,2.5,-0.4489210794241728,0.55,1.0
98,3,0.023012492805719376,-0.14862926304340363,-0.06555570662021637,0.16049079596996307,0.0030229275580495596,1.2337295285090875,0.14,2.6095536342084863e-06,0.0,1.0
98,4,0.7627532482147217,1.0066274404525757,0.17260268330574036,0.17338262498378754,1.6480626072734594e-05,-1.5,0.4700000000000002,-0.4422319807029642,-0.45999999999999996,1.0
99,0,-1.7242400646209717,2.019993543624878,-0.06447651237249374,0.09954102337360382,8.274175343103707e-06,-1.1172934094051792,2.5,-0.01637262683065151,0.55,0.0
99,1,-0.6734276413917542,0.000731736421585083,-0.13158811628818512,-0.11598052829504013,0.07589572668075562,0.2779841230670704,0.12,1.9334829507212076e-07,0.0,1.0
99,2,0.48893964290618896,-0.28335750102996826,0.0060140639543533325,0.39679715037345886,0.0679183080792427,-1.5,2.5,-0.4489210794241728,0.55,1.0
99,3,-0.07622618973255157,0.08361086249351501,-0.04225314036011696,0.03453609347343445,0.9484711289405823,1.2337320402044605,0.14,2.323318219956243e-06,0.0,1.0
99,4,0.9586615562438965,1.268571138381958,0.17468225955963135,0.25759458541870117,1.9679569959407672e-05,-1.5,0.15,-0.44134751674155825,0.0,1.0
